category,business_url,name,address,phone,website,closed,is_business
History and Culture,https://www.blackownedbrooklyn.com/stories/juneteenth2021,Juneteenth 2021,,,,False,False
History and Culture,https://www.blackownedbrooklyn.com/stories/hattiecarthan,Hattie Carthan,677 Lafayette Ave | 654A Lafayette Ave,718-387-2116 | 718-638-3566,magnoliatreeearthcenter.com | hattiecarthancommunitymarket.com,False,True
History and Culture,https://www.blackownedbrooklyn.com/stories/afropunk,Origins of AfroPunk,,,,False,False
History and Culture,https://www.blackownedbrooklyn.com/stories/juneteenth-2020,Juneteenth 2020,,,,False,False
History and Culture,https://www.blackownedbrooklyn.com/stories/tribute-to-ancestors,Tribute to the Ancestors of the Middle Passage,,,,False,False
History and Culture,https://www.blackownedbrooklyn.com/stories/bklyn-boihood,bklyn boihood,,,bklynboihood.com,False,True
History and Culture,https://www.blackownedbrooklyn.com/stories/heres-to-the-protestors,Here's to the Protesters (Black Lives Matter),,,,False,False
History and Culture,https://www.blackownedbrooklyn.com/stories/lloyd-porter,Remembering Lloyd Porter,,,,False,False
History and Culture,https://www.blackownedbrooklyn.com/stories/danceafrica,DanceAfrica,,,,False,False
History and Culture,https://www.blackownedbrooklyn.com/stories/ida-b-wells,Ida B. Wells in Brooklyn,,,,False,False
History and Culture,https://www.blackownedbrooklyn.com/stories/central-brooklyn-food-co-op/brooklyn-movement-center,Central Brooklyn Food Co-op/Brooklyn Movement Center,,,,False,False
History and Culture,https://www.blackownedbrooklyn.com/stories/the-brownstoners-of-bedford-stuyvesant,The Brownstoners of Bedford-Stuyvesant,,,,False,False
History and Culture,https://www.blackownedbrooklyn.com/stories/panamanian-day-parade,Panamanian Day Parade,,,,False,False
History and Culture,https://www.blackownedbrooklyn.com/stories/brooklyn-recess,Brooklyn Recess,,,,False,False
History and Culture,https://www.blackownedbrooklyn.com/stories/the-founding-of-medgar-evers-college,The Founding of Medgar Evers College,,,,False,False
History and Culture,https://www.blackownedbrooklyn.com/stories/west-indian-day-parade,West Indian Day Parade,,,,False,False
History and Culture,https://www.blackownedbrooklyn.com/stories/tama-summer-fest,TAMA Summer Fest,,,,False,False
History and Culture,https://www.blackownedbrooklyn.com/stories/afro-latino-festival,Afro-Latino Festival,,,,False,False
History and Culture,https://www.blackownedbrooklyn.com/stories/international-african-arts-festival,International African Arts Festival,,,,False,False
History and Culture,https://www.blackownedbrooklyn.com/stories/spike-lees-do-the-right-thing-block-party,"Spike Lee's ""Do The Right Thing"" Block Party",,,,False,False
History and Culture,https://www.blackownedbrooklyn.com/stories/papi-juice,Papi Juice,759 Washington Avenue,718-210-3190,studymartialarts.com,False,True
History and Culture,https://www.blackownedbrooklyn.com/stories/williamsburg-music-center,Williamsburg Music Center,367 Bedford,718-384-1654,wmcjazz.com,False,True
History and Culture,https://www.blackownedbrooklyn.com/stories/jackie-robinson-day,Jackie Robinson Day,,,,False,False
History and Culture,https://www.blackownedbrooklyn.com/stories/bed-stuy-arts-stroll,Bed-Stuy Arts Stroll,,,bedstuyartsstroll.com,False,True
History and Culture,https://www.blackownedbrooklyn.com/stories/shirley-chisholm-for-president,Shirley Chisholm For President,,,,False,False
History and Culture,https://www.blackownedbrooklyn.com/stories/bk-loves-mj-block-party,BK Loves MJ Block Party,,,,False,False
History and Culture,https://www.blackownedbrooklyn.com/stories/weeksville-heritage-center,Weeksville Heritage Center,158 Buffalo Avenue,718-756-5250,weeksvillesociety.org,False,True
History and Culture,https://www.blackownedbrooklyn.com/stories/everyday-people,Everyday People,,,,False,False
History and Culture,https://www.blackownedbrooklyn.com/stories/curlfest,Curlfest,,,,False,False
History and Culture,https://www.blackownedbrooklyn.com/stories/soul-summit,Soul Summit,,,,False,False
